Name,Mean,5th Percentile,95th Percentile,Position
Puka Nacua,20.06356985377665,18.08672668789484,21.92435232608672,WR
Ja'Marr Chase,18.686045042103725,17.056037236435802,20.296347489724777,WR
Christian McCaffrey,18.118899938468616,15.935197367143198,20.266903978139087,RB
Amon-Ra St. Brown,17.689165639524425,16.11784670916799,19.266984337814964,WR
Bijan Robinson,17.578895345513555,15.146389183469124,19.82087453044568,RB
Jaxon Smith-Njigba,16.98714114756015,15.215388052074385,18.775254987316465,WR
Jahmyr Gibbs,16.743154683485578,14.91917070421452,18.51287789715724,RB
George Pickens,16.349181758902844,14.935557072114856,17.780523025342195,WR
Jonathan Taylor,15.730944932957884,13.784407604091452,17.7769767294415,RB
De'Von Achane,15.576741087553897,13.62147129158483,17.640495826824797,RB
Drake London,15.46490816854478,13.774835679723926,17.21960182298139,WR
James Cook,15.44043511693021,13.343666101746749,17.393111396622892,RB
Chase Brown,15.21531869246623,13.143722361443748,17.19726482922596,RB
Chris Olave,15.146897722824283,13.674587436203954,16.577462246526462,WR
Omarion Hampton,14.54927864740681,12.754664514389017,16.313767740571677,RB
Michael Wilson,14.206146354244916,12.874144573323129,15.442974195363504,WR
CeeDee Lamb,14.12152578735414,12.734210215014178,15.622776528897903,WR
Cam Skattebo,14.04759980198024,11.75449896833884,16.31864001229028,RB
A.J. Brown,13.998561192652437,12.611109164358188,15.268690082159711,WR
Zay Flowers,13.94303205998926,12.388980397316947,15.49766311800235,WR
Kyren Williams,13.92550037251289,12.341107062328486,15.685752310090708,RB
Rashee Rice,13.903624225757484,11.53766128717812,16.238728997600866,WR
Nico Collins,13.89056210905805,12.236826519601934,15.456308517983222,WR
Jameson Williams,13.859803312671971,12.437238939073405,15.403499300976344,WR
Justin Jefferson,13.82786267635549,12.17611122496904,15.49029229603144,WR
Wan'Dale Robinson,13.771771747546303,11.920526147486008,15.573124290847746,WR
Tetairoa McMillan,13.743442451634476,12.210245191292028,15.194913813284115,WR
Emeka Egbuka,13.534997999043124,11.926670033048586,14.932476313166092,WR
Bucky Irving,13.47591230899638,10.664186475154745,15.964821947673803,RB
Javonte Williams,13.430482852950394,11.32787394690713,15.42381900517033,RB
Ashton Jeanty,13.227346435822298,11.017717493113892,15.402230192356283,RB
Josh Jacobs,13.187638493499565,11.6632399657057,14.677942588942276,RB
Courtland Sutton,13.15488925709528,11.714143496217831,14.6764264225208,WR
Jaylen Waddle,13.107015358233422,11.719414653540907,14.528103879214138,WR
DK Metcalf,13.035035267565767,11.652911415636828,14.3104918883695,WR
Davante Adams,13.025310279170023,11.175018298911953,14.737739723121194,WR
Tee Higgins,12.91141912270351,11.193726666551209,14.51801840081598,WR
Travis Etienne,12.863305109906891,10.392746485217394,15.448456061589416,RB
Saquon Barkley,12.736272372146477,11.087287973181002,14.31759207249032,RB
Breece Hall,12.697414613085476,10.60798357624349,14.778513814141611,RB
Carnell Tate,12.688587792614824,2.0766135185596606,26.78143084191956,WR
Michael Pittman,12.64264764745552,10.977130991139363,14.111079445231963,WR
Quentin Johnston,12.448339428116856,11.102356661132536,13.804469483801483,WR
Alec Pierce,12.40516498373854,11.029338315255456,13.80548384094725,WR
Derrick Henry,12.354243941890312,9.867863262560164,14.890310879828922,RB
D'Andre Swift,12.01143217801967,10.347749128627294,13.752787959454963,RB
Kenneth Walker,12.00925651111353,10.374138638603968,13.500478281060456,RB
Garrett Wilson,12.006953354994096,10.190034076566766,13.990888187343987,WR
Ladd McConkey,11.979591727268636,10.773227835198316,13.253645815916126,WR
DeVonta Smith,11.909332800245112,10.44188256353515,13.393623731862204,WR
Malik Nabers,11.843370493015613,9.652468331985231,14.252809901664122,WR
Marvin Harrison,11.786978333473668,10.405354711398108,13.149671285357744,WR
Jaylen Warren,11.73880202439956,9.801415079604366,13.66800570857082,RB
Parker Washington,11.677223959475649,9.902046224938466,13.441169910756742,WR
Rome Odunze,11.666854690642287,10.037202274818869,13.244814452381515,WR
Ricky Pearsall,11.598777196981144,9.27167169761938,13.715748650391124,WR
Quinshon Judkins,11.393753142575632,9.388847068751396,13.32925452937382,RB
Romeo Doubs,11.3790740462422,10.045957900843344,12.780709305786536,WR
J.K. Dobbins,11.272310512712618,8.910510404477147,13.47362791998041,RB
Jayden Higgins,11.143787823508973,9.824764007652735,12.587243781833212,WR
Tyrone Tracy,11.10001658912289,8.587949130832806,13.2742586843739,RB
Rico Dowdle,11.045211618905824,9.091518841713974,12.911190236459808,RB
Luther Burden,11.027833811458487,9.404687331208718,12.555655652256211,WR
Jakobi Meyers,11.022899140643116,9.52485617952405,12.422071413768782,WR
Jeremiyah Love,10.971981,8.985859918594361,12.947175168991087,RB
Brian Thomas,10.94222772675589,9.3210551634017,12.621521174737246,WR
TreVeyon Henderson,10.884773164510262,8.893246597014638,12.79377048844546,RB
RJ Harvey,10.719683610297372,8.891121892274231,12.658364828428413,RB
Tre Tucker,10.715918830542758,9.118831585588968,12.298817182493543,WR
Christian Watson,10.713051994033105,8.853287050865353,12.504611044588556,WR
Khalil Shakir,10.697728100113084,8.480720430618993,12.932751730180808,WR
Kenny Gainwell,10.568705755313456,8.046109291183603,13.084778003187608,RB
Woody Marks,10.552197798533925,8.691775982700955,12.45514664405722,RB
De'Zhaun Stribling,10.382730784150471,8.717512852070135,11.942728704130117,WR
Terry McLaurin,10.364896244611009,8.495769205598446,12.25749170990827,WR
Jauan Jennings,10.231396337456353,8.286297609027788,12.086327779795106,WR
Xavier Worthy,10.227698020495671,8.000188570463555,12.56528788866568,WR
KC Concepcion,10.190226873359364,8.208911589712065,12.138167936751469,WR
Rhamondre Stevenson,10.13974071772017,8.385575125326397,11.929908350587256,RB
Jadarian Price,10.117914,8.24035472869873,11.954041004180906,RB
Alvin Kamara,10.059937726747744,7.765472736901255,12.165272830706648,RB
Aaron Jones,10.038902900499172,7.8217513887927455,12.200073977265612,RB
Kimani Vidal,10.021648346173274,7.891216235645089,12.191704578415232,RB
Tony Pollard,9.902790882975374,7.534381322503632,12.204503334893571,RB
Josh Downs,9.74973954127077,8.297825087316355,11.230449823661012,WR
Mike Evans,9.725154048469603,7.650242171747352,11.78209087669384,WR
Caleb Douglas,9.505260833020031,0.8017184342067674,20.218020300812487,WR
Zach Charbonnet,9.402627861300576,7.498440156292901,11.406080117420911,RB
Jordyn Tyson,9.344448064332438,7.6316842293128335,11.13456837033562,WR
Rashid Shaheed,9.279428799197756,7.526882536398949,11.032421299348943,WR
DJ Moore,8.951965242419922,7.162753058345182,10.808994493336735,WR
Denzel Boston,8.936430745752535,6.907275858566183,11.09773724994523,WR
Matthew Golden,8.918874489318188,7.277609002631219,10.562920881752884,WR
Jalen Coker,8.918596497144302,7.521038031233284,10.313269546271146,WR
Chuba Hubbard,8.898836803100824,6.958757549846065,10.769231168058996,RB
Kyle Monangai,8.839185684629397,7.001970678151825,10.688214792377709,RB
Makai Lemon,8.788486399391832,7.4248793789970975,10.113067187474387,WR
Tyjae Spears,8.676333458793412,6.568477761193599,10.655549214815773,RB
Chris Godwin,8.602126448487502,7.080713791817194,10.262352074722603,WR
David Montgomery,8.58648094564725,6.627291002348668,10.59497002923462,RB
James Conner,8.57134116913095,5.745451781329672,11.069703003259484,RB
Jayden Reed,8.570253513331869,6.697534100912908,10.336115623408183,WR
Jacory Croskey-Merritt,8.462305997197245,6.687359737111174,10.233159096995376,RB
Rachaad White,8.357507430973742,6.513485078059338,10.226680754793742,RB
Omar Cooper,8.292229708292979,6.197158104189847,10.49198070445834,WR
Chris Bell,8.270698387535381,-0.8816256464041116,18.710621273855576,WR
Blake Corum,8.217664094567663,6.211434556077514,10.267061854566045,RB
Germie Bernard,8.167356751871434,6.018339926227575,10.096579533276618,WR
John Metchie,8.144607428361152,6.524606081488585,9.814929105550895,WR
Bhayshul Tuten,8.114698611225986,6.040204974950741,10.110428432852178,RB
Isiah Pacheco,7.964749427965629,6.144632544185551,9.928086300766635,RB
Jalen McMillan,7.953039213507713,6.151557674806196,9.965241812384114,WR
Ty Johnson,7.42272866761747,5.380203586113416,9.74216289611959,RB
Tank Bigsby,7.369584511857959,5.405120588383607,9.303172747974456,RB
Samaje Perine,7.248609298983809,4.834309050121028,9.68040457632978,RB
Ray Davis,6.959446765847968,4.828120775483685,9.17273561729386,RB
Kevin Coleman,6.920662923991096,-1.9598514101144535,17.23703207543241,WR
Cyrus Allen,6.839010936274508,-6.298420607929383,19.782888747194697,WR
AJ Dillon,6.475506573652287,3.965749038771176,8.912031649952269,RB
Zachariah Branch,6.253178186283888,4.706101833503675,7.953123617207835,WR
Ja'Kobi Lane,6.195707741933657,4.412050053633678,8.15918718003775,WR
Theo Wease,6.00265085780786,3.698099620087763,8.425905107068706,WR
Zavion Thomas,5.659770030567787,4.087928584325981,7.227736169667728,WR
Antonio Williams,5.585998391827908,4.116636970438497,7.242628584484975,WR
Malachi Fields,5.552223164768076,3.909807359536801,7.432937265080977,WR
Brian Robinson,5.420735377481919,3.4458111111265435,7.488356413692905,RB
Ted Hurst,5.319560173930215,3.834230589571168,6.968361825513964,WR
Chris Brazzell,5.072458134356506,3.600893999218852,6.581940814473659,WR
Kaelon Black,4.9974036,3.693783235549927,6.5370003223419175,RB
Brenen Thompson,4.794502930385556,3.302001716258942,6.483394342220402,WR
Skyler Bell,4.750431558663689,3.025418734452601,6.778299234222584,WR
Jonah Coleman,4.7342587,3.533921945095062,6.198465728759765,RB
Mike Washington,4.5868278,3.334445667266846,6.139030909538268,RB
Elijah Sarratt,4.528322162151918,2.8287104336381046,6.460131363393594,WR
Kaytron Allen,4.098331,3.0621221899986266,5.366238617897033,RB
Demond Claiborne,4.076722,2.8028261065483093,5.712950754165648,RB
Reggie Virgil,4.001503130302559,2.560661476333581,5.567352905208579,WR
Kaden Wetjen,3.962285957475296,2.275107534965416,5.753044207702602,WR
Jam Miller,3.6820693,2.6998775243759154,4.801907038688659,RB
Emmett Johnson,3.5850966,2.5505839824676517,4.85731563568115,RB
Bryce Lance,3.583136073413047,2.031826174868256,5.098834221309618,WR
Nicholas Singleton,3.5603974,2.516538166999817,5.032146501541136,RB
C.J. Daniels,3.249555969402958,1.0984432476884305,5.414203888453807,WR
Adam Randall,3.0778406,2.2779507398605348,4.168688869476318,RB
Lewis Bond,2.9283366833377458,1.590342845703576,4.443337236043924,WR
Barion Brown,2.723844452255745,1.1762865778507212,4.305982969508176,WR
Seth McGowan,2.716311,2.011893999576569,3.539533233642578,RB
C.J. Williams,2.6765915005169383,-3.935364009038085,7.697866839439464,WR
Kendrick Law,2.644260238832741,1.1653103897442645,4.140703513337673,WR
Malik Benson,2.548739575449947,0.6937024101532066,4.506074052563732,WR
Colbie Young,2.486312673443964,1.3034177853673852,3.7087958547236655,WR
Deion Burks,2.35572579394266,0.6377026202753782,3.9818394006232936,WR
Josh Cameron,2.3226376950434804,-4.525625725836827,7.240551771085408,WR
Eli Heidenreich,2.052566635928303,0.4774113614604473,3.5906439431563197,WR
Emmanuel Henderson,1.5457826838364348,-0.5815211170934855,3.823637429468573,WR
Anthony Smith,1.4880736651370234,0.4270974391721459,2.530492127619213,WR
